Name,Code,Price,PER,PBR,PSR,Year
동화약품,000020,"21,850",NAN,NAN,NAN,2020
KR모터스,000040,767,NAN,NAN,NAN,2020
경방,000050,"10,550",NAN,NAN,NAN,2020
메리츠화재,000060,"12,850",4.71,0.56,NAN,2020
삼양홀딩스,000070,"64,000",NAN,NAN,NAN,2020
하이트진로,000080,"36,250",22.8,2.33,1.11,2020
유한양행,000100,"64,200",21.39,2.38,2.73,2020
CJ대한통운,000120,"177,500",33.97,1.08,0.37,2020
하이트진로홀딩스,000140,"16,950",NAN,NAN,NAN,2020
두산,000150,"46,850",-4.36,0.13,0.04,2020
성창기업지주,000180,"1,635",NAN,NAN,NAN,2020
대림산업,000210,"77,400",3.21,0.36,0.25,2020
유유제약,000220,"16,000",NAN,NAN,NAN,2020
일동홀딩스,000230,"9,110",NAN,NAN,NAN,2020
한국테크놀로지그룹,000240,"16,750",12.42,0.45,1.96,2020
기아자동차,000270,"46,900",12.88,0.63,0.33,2020
대유플러스,000300,811,NAN,NAN,NAN,2020
노루홀딩스,000320,"9,120",6.73,0.21,0.14,2020
한화손해보험,000370,"2,865",NAN,NAN,NAN,2020
삼화페인트공업,000390,"4,925",NAN,NAN,NAN,2020
롯데손해보험,000400,"1,645",NAN,NAN,NAN,2020
대원강업,000430,"4,085",NAN,NAN,NAN,2020
조선내화,000480,"73,100",NAN,NAN,NAN,2020
대동공업,000490,"6,510",NAN,NAN,NAN,2020
가온전선,000500,"21,550",NAN,NAN,NAN,2020
삼일제약,000520,"23,300",NAN,NAN,NAN,2020
흥국화재,000540,"2,715",NAN,NAN,NAN,2020
CS홀딩스,000590,"53,200",NAN,NAN,NAN,2020
동아쏘시오홀딩스,000640,"125,000",13.63,0.97,0.94,2020
천일고속,000650,"65,000",NAN,NAN,NAN,2020
SK하이닉스,000660,"84,000",16.51,1.2,1.96,2020
영풍,000670,"469,000",4.45,0.22,0.26,2020
LS네트웍스,000680,"2,150",NAN,NAN,NAN,2020
유수홀딩스,000700,"5,290",NAN,NAN,NAN,2020
현대건설,000720,"30,450",6.22,0.37,0.2,2020
이화산업,000760,"14,050",NAN,NAN,NAN,2020
삼성화재해상보험,000810,"182,000",10.77,0.59,NAN,2020
화천기공,000850,"30,600",NAN,NAN,NAN,2020
강남제비스코,000860,"15,300",NAN,NAN,NAN,2020
한화,000880,"25,150",2.35,0.1,0.04,2020
보해양조,000890,900,NAN,NAN,NAN,2020
유니온,000910,"7,730",NAN,NAN,NAN,2020
전방,000950,"26,750",NAN,NAN,NAN,2020
한국주철관공업,000970,"8,360",13.62,0.69,0.44,2020
DB하이텍,000990,"37,500",8.36,2.01,1.74,2020
페이퍼코리아,001020,"1,695",NAN,NAN,NAN,2020
CJ,001040,"81,200",3.89,0.15,0.07,2020
JW중외제약,001060,"33,600",NAN,NAN,NAN,2020
대한방직,001070,"34,000",NAN,NAN,NAN,2020
만호제강,001080,"14,800",47.25,0.26,0.31,2020
LG상사,001120,"15,450",1.79,0.32,0.06,2020
대한제분,001130,"158,000",NAN,NAN,NAN,2020
국보,001140,"1,990",NAN,NAN,NAN,2020
유진증권,001200,"3,610",NAN,NAN,NAN,2020
금호전기,001210,"4,820",NAN,NAN,NAN,2020
동국제강,001230,"6,340",-13.45,0.31,0.12,2020
GS글로벌,001250,"1,665",NAN,NAN,NAN,2020
남광토건,001260,"10,100",NAN,NAN,NAN,2020
부국증권,001270,"20,400",NAN,NAN,NAN,2020
상상인증권,001290,981,NAN,NAN,NAN,2020
백광산업,001340,"3,405",NAN,NAN,NAN,2020
삼성제약,001360,"3,865",NAN,NAN,NAN,2020
SG충방,001380,"1,835",NAN,NAN,NAN,2020
KG케미칼,001390,"20,100",NAN,NAN,NAN,2020
태원물산,001420,"3,960",NAN,NAN,NAN,2020
세아베스틸,001430,"9,760",11.11,0.18,0.14,2020
대한전선,001440,809,NAN,NAN,NAN,2020
현대해상,001450,"22,350",5.06,0.42,NAN,2020
BYC,001460,"225,500",NAN,NAN,NAN,2020
삼부토건,001470,"1,775",NAN,NAN,NAN,2020
현대차증권,001500,"10,100",3.24,0.28,1.06,2020
SK증권,001510,722,NAN,NAN,NAN,2020
동양,001520,"1,085",NAN,NAN,NAN,2020
디아이동일,001530,"87,100",NAN,NAN,NAN,2020
조비,001550,"21,550",NAN,NAN,NAN,2020
제일연마,001560,"6,670",NAN,NAN,NAN,2020
금양,001570,"5,060",NAN,NAN,NAN,2020
케이비아이동국실업,001620,617,NAN,NAN,NAN,2020
종근당홀딩스,001630,"106,500",4.43,0.63,0.59,2020
대상,001680,"26,000",6.7,0.79,0.29,2020
신영증권,001720,"46,800",21.64,0.38,2.94,2020
SK네트웍스,001740,"4,755",8.91,0.5,0.11,2020
한양증권,001750,"8,400",NAN,NAN,NAN,2020
신화실업,001770,"19,750",NAN,NAN,NAN,2020
알루코,001780,"3,895",NAN,NAN,NAN,2020
대한제당,001790,"18,100",NAN,NAN,NAN,2020
오리온홀딩스,001800,"12,150",NAN,NAN,NAN,2020
삼화콘덴서공업,001820,"54,800",19.58,3.15,2.28,2020
대림건설,001880,"24,050",NAN,NAN,NAN,2020
KISCO홀딩스,001940,"11,700",NAN,NAN,NAN,2020
코오롱,002020,"21,000",NAN,NAN,NAN,2020
아세아,002030,"75,800",NAN,NAN,NAN,2020
비비안,002070,"4,100",NAN,NAN,NAN,2020
경농,002100,"13,450",NAN,NAN,NAN,2020
고려산업,002140,"3,480",NAN,NAN,NAN,2020
도화엔지니어링,002150,"7,630",NAN,NAN,NAN,2020
삼양통상,002170,"61,900",NAN,NAN,NAN,2020
한국수출포장공업,002200,"17,950",NAN,NAN,NAN,2020
동성제약,002210,"12,400",NAN,NAN,NAN,2020
한일철강,002220,"1,685",NAN,NAN,NAN,2020
고려제강,002240,"13,250",NAN,NAN,NAN,2020
롯데푸드,002270,"299,500",NAN,NAN,NAN,2020
아세아제지,002310,"24,800",NAN,NAN,NAN,2020
한진,002320,"43,050",40.91,0.45,0.24,2020
넥센타이어,002350,"5,350",12.81,0.33,0.3,2020
SH에너지화학,002360,806,42.65,0.89,0.64,2020
케이씨씨,002380,"146,000",160.55,0.33,0.31,2020
한독,002390,"31,900",NAN,NAN,NAN,2020
범양건영,002410,"6,000",NAN,NAN,NAN,2020
세기상사,002420,"61,600",NAN,NAN,NAN,2020
삼익악기,002450,"1,345",NAN,NAN,NAN,2020
화성산업,002460,"12,000",NAN,NAN,NAN,2020
조흥,002600,"150,000",NAN,NAN,NAN,2020
제일파마홀딩스,002620,"20,300",NAN,NAN,NAN,2020
오리엔트바이오,002630,"1,625",-14.26,3.18,4.39,2020
동일제강,002690,"2,365",NAN,NAN,NAN,2020
신일전자,002700,"1,685",NAN,NAN,NAN,2020
TCC스틸,002710,"3,500",NAN,NAN,NAN,2020
국제약품,002720,"10,750",NAN,NAN,NAN,2020
보락,002760,"2,355",NAN,NAN,NAN,2020
진흥기업,002780,"2,215",NAN,NAN,NAN,2020
아모레퍼시픽그룹,002790,"48,900",23.83,0.62,0.78,2020
삼영무역,002810,"13,650",NAN,NAN,NAN,2020
선창산업,002820,"4,630",NAN,NAN,NAN,2020
미원상사,002840,"96,300",NAN,NAN,NAN,2020
신풍제지,002870,"2,370",NAN,NAN,NAN,2020
대유에이텍,002880,823,NAN,NAN,NAN,2020
동양물산기업,002900,"1,380",6.93,NAN,0.26,2020
유성기업,002920,"2,660",NAN,NAN,NAN,2020
한국쉘석유,002960,"236,000",NAN,NAN,NAN,2020
금호산업,002990,"6,620",4.83,0.57,0.14,2020
부광약품,003000,"28,450",NAN,NAN,NAN,2020
혜인,003010,"5,010",NAN,NAN,NAN,2020
세아제강지주,003030,"41,900",NAN,NAN,NAN,2020
에이프로젠제약,003060,"1,285",NAN,NAN,NAN,2020
코오롱글로벌,003070,"18,300",5.92,0.85,0.13,2020
성보화학,003080,"4,160",NAN,NAN,NAN,2020
대웅,003090,"30,800",24.8,1.67,1.3,2020
일성신약,003120,"81,100",NAN,NAN,NAN,2020
디아이,003160,"3,855",NAN,NAN,NAN,2020
일신방직,003200,"69,700",NAN,NAN,NAN,2020
대원제약,003220,"20,300",16.64,1.88,1.28,2020
삼양식품,003230,"99,500",8.94,2.05,1.13,2020
태광산업,003240,"652,000",NAN,NAN,NAN,2020
흥아해운,003280,258,NAN,NAN,NAN,2020
한일홀딩스,003300,"44,150",NAN,NAN,NAN,2020
한국화장품제조,003350,"39,800",NAN,NAN,NAN,2020
쌍용양회공업,003410,"5,870",19.86,1.72,2.02,2020
유화증권,003460,"2,230",NAN,NAN,NAN,2020
유안타증권,003470,"2,760",NAN,NAN,NAN,2020
한진중공업홀딩스,003480,"3,990",NAN,NAN,NAN,2020
대한항공,003490,"18,850",-3.17,0.54,0.22,2020
영진약품,003520,"8,140",NAN,NAN,NAN,2020
한화투자증권,003530,"1,735",NAN,NAN,NAN,2020
대신증권,003540,"12,050",NAN,NAN,NAN,2020
LG,003550,"74,100",9.0,0.63,1.87,2020
아이에이치큐,003560,"1,435",NAN,NAN,NAN,2020
S&T중공업,003570,"5,150",NAN,NAN,NAN,2020
넥스트사이언스,003580,"6,580",NAN,NAN,NAN,2020
방림,003610,"1,925",NAN,NAN,NAN,2020
쌍용자동차,003620,"4,050",NAN,NAN,NAN,2020
미창석유공업,003650,"60,200",NAN,NAN,NAN,2020
포스코케미칼,003670,"83,800",116.95,5.02,3.09,2020
한성기업,003680,"12,850",NAN,NAN,NAN,2020
코리안리,003690,"7,450",4.93,0.39,NAN,2020
삼영화학공업,003720,"2,045",NAN,NAN,NAN,2020
진양산업,003780,"4,185",NAN,NAN,NAN,2020
대한화섬,003830,"81,000",NAN,NAN,NAN,2020
보령제약,003850,"15,500",22.46,1.96,1.19,2020
남양유업,003920,"257,500",NAN,NAN,NAN,2020
사조대림,003960,"14,050",NAN,NAN,NAN,2020
롯데정밀화학,004000,"49,650",7.24,0.79,1.01,2020
현대제철,004020,"24,600",-25.93,0.19,0.18,2020
SG세계물산,004060,588,NAN,NAN,NAN,2020
신흥,004080,"9,120",NAN,NAN,NAN,2020
한국석유공업,004090,"96,700",NAN,NAN,NAN,2020
태양금속공업,004100,"1,010",NAN,NAN,NAN,2020
동방,004140,"1,965",NAN,NAN,NAN,2020
한솔홀딩스,004150,"3,360",4.07,0.32,0.31,2020
신세계,004170,"212,500",-373.58,0.39,0.42,2020
엔피씨,004250,"3,150",NAN,NAN,NAN,2020
남성,004270,"2,825",NAN,NAN,NAN,2020
현대약품,004310,"5,990",NAN,NAN,NAN,2020
세방,004360,"9,700",NAN,NAN,NAN,2020
농심,004370,"314,000",13.71,0.93,0.72,2020
삼익THK,004380,"10,700",NAN,NAN,NAN,2020
서울식품공업,004410,152,NAN,NAN,NAN,2020
송원산업,004430,"13,000",7.84,0.66,0.39,2020
삼일씨엔에스,004440,"10,100",NAN,NAN,NAN,2020
삼화왕관,004450,"38,850",NAN,NAN,NAN,2020
세방전지,004490,"27,600",NAN,NAN,NAN,2020
깨끗한나라,004540,"4,690",NAN,NAN,NAN,2020
현대비앤지스틸,004560,"7,380",NAN,NAN,NAN,2020
삼천리,004690,"78,300",12.03,0.23,0.09,2020
조광피혁,004700,"50,200",NAN,NAN,NAN,2020
한솔테크닉스,004710,"9,150",13.99,1.04,0.26,2020
우리들제약,004720,"14,950",NAN,NAN,NAN,2020
써니전자,004770,"4,685",NAN,NAN,NAN,2020
효성,004800,"73,000",16.7,0.57,0.52,2020
덕성,004830,"4,240",NAN,NAN,NAN,2020
DRB동일,004840,"6,500",NAN,NAN,NAN,2020
티웨이홀딩스,004870,937,NAN,NAN,NAN,2020
동일산업,004890,"69,000",NAN,NAN,NAN,2020
조광페인트,004910,"5,180",NAN,NAN,NAN,2020
씨아이테크,004920,897,NAN,NAN,NAN,2020
한신공영,004960,"13,150",NAN,NAN,NAN,2020
신라교역,004970,"9,550",NAN,NAN,NAN,2020
성신양회,004980,"6,910",23.86,0.42,0.28,2020
롯데지주,004990,"28,600",14.42,0.38,0.33,2020
휴스틸,005010,"6,680",NAN,NAN,NAN,2020
부산주공,005030,520,NAN,NAN,NAN,2020
코스모신소재,005070,"14,100",NAN,NAN,NAN,2020
삼광글라스,005090,"44,000",NAN,NAN,NAN,2020
한창,005110,"1,350",NAN,NAN,NAN,2020
빙그레,005180,"59,000",12.11,0.96,0.62,2020
동성화학,005190,"15,500",3.86,0.6,0.45,2020
녹십자홀딩스,005250,"23,300",NAN,NAN,NAN,2020
롯데칠성음료,005300,"90,000",23.98,0.58,0.31,2020
국동,005320,"4,150",NAN,NAN,NAN,2020
모나미,005360,"6,110",NAN,NAN,NAN,2020
현대자동차,005380,"178,500",12.08,0.49,0.37,2020
신성통상,005390,"1,635",32.19,0.99,0.23,2020
코스모화학,005420,"9,540",NAN,NAN,NAN,2020
한국공항,005430,"30,200",NAN,NAN,NAN,2020
현대그린푸드,005440,"7,420",6.38,0.33,0.23,2020
포스코,005490,"196,000",14.72,0.36,0.3,2020
삼진제약,005500,"28,850",NAN,NAN,NAN,2020
SPC삼립,005610,"61,000",39.28,1.58,0.21,2020
삼영전자공업,005680,"8,040",15.92,0.34,0.87,2020
파미셀,005690,"18,050",NAN,NAN,NAN,2020
넥센,005720,"3,935",NAN,NAN,NAN,2020
크라운해태홀딩스,005740,"9,090",NAN,NAN,NAN,2020
대림비앤코,005750,"4,970",NAN,NAN,NAN,2020
신영와코루,005800,"95,500",NAN,NAN,NAN,2020
풍산홀딩스,005810,"25,700",NAN,NAN,NAN,2020
원림,005820,"17,050",NAN,NAN,NAN,2020
DB손해보험,005830,"45,200",6.01,0.5,NAN,2020
에스엘,005850,"14,150",11.2,0.48,0.29,2020
휴니드테크놀러지스,005870,"5,750",NAN,NAN,NAN,2020
대한해운,005880,"16,900",9.17,0.42,0.43,2020
삼성전자,005930,"58,200",13.38,1.24,1.47,2020
NH투자증권,005940,"9,140",5.7,0.45,1.76,2020
이수화학,005950,"8,670",4.93,0.3,0.1,2020
동부건설,005960,"10,900",3.87,0.52,0.19,2020
동원산업,006040,"209,000",5.08,0.63,0.26,2020
화승인더스트리,006060,"8,310",8.33,0.89,0.33,2020
사조오양,006090,"8,460",NAN,NAN,NAN,2020
삼아알미늄,006110,"8,350",NAN,NAN,NAN,2020
SK디스커버리,006120,"63,900",NAN,NAN,NAN,2020
한국전자홀딩스,006200,668,NAN,NAN,NAN,2020
제주은행,006220,"3,020",NAN,NAN,NAN,2020
LS,006260,"52,500",11.03,0.38,0.16,2020
녹십자,006280,"221,500",47.5,2.17,1.83,2020
대원전선,006340,998,NAN,NAN,NAN,2020
GS건설,006360,"24,150",4.26,0.43,0.19,2020
대구백화점,006370,"7,570",NAN,NAN,NAN,2020
카프로,006380,"2,495",NAN,NAN,NAN,2020
한일현대시멘트,006390,"26,350",NAN,NAN,NAN,2020
삼성SDI,006400,"433,500",54.55,2.27,2.64,2020
인스코비,006490,"2,545",NAN,NAN,NAN,2020
대림통상,006570,"4,145",NAN,NAN,NAN,2020
대한유화,006650,"166,500",10.1,0.58,0.57,2020
삼성공조,006660,"6,540",NAN,NAN,NAN,2020
영풍제지,006740,"3,570",NAN,NAN,NAN,2020
미래에셋대우,006800,"8,480",7.68,0.57,2.54,2020
AK홀딩스,006840,"17,550",NAN,NAN,NAN,2020
신송홀딩스,006880,"3,525",NAN,NAN,NAN,2020
태경케미컬,006890,"8,460",NAN,NAN,NAN,2020
우성사료,006980,"3,060",NAN,NAN,NAN,2020
GS리테일,007070,"33,500",14.03,0.96,0.29,2020
일신석재,007110,"2,185",NAN,NAN,NAN,2020
미래아이앤지,007120,346,NAN,NAN,NAN,2020
사조산업,007160,"29,100",NAN,NAN,NAN,2020
벽산,007210,"1,920",NAN,NAN,NAN,2020
한국특수형강,007280,"1,845",NAN,NAN,NAN,2020
오뚜기,007310,"568,000",14.11,1.41,0.81,2020
디티알오토모티브,007340,"22,450",NAN,NAN,NAN,2020
에이프로젠 KIC,007460,"1,830",NAN,NAN,NAN,2020
샘표,007540,"47,750",NAN,NAN,NAN,2020
일양약품,007570,"79,200",NAN,NAN,NAN,2020
동방아그로,007590,"6,240",NAN,NAN,NAN,2020
선도전기,007610,"2,710",NAN,NAN,NAN,2020
폴루스바이오팜,007630,"1,225",NAN,NAN,NAN,2020
이수페타시스,007660,"4,505",46.48,2.58,0.33,2020
국도화학,007690,"44,300",NAN,NAN,NAN,2020
F&F,007700,"89,100",14.32,2.44,1.6,2020
코리아써키트,007810,"13,800",11.05,0.77,0.35,2020
서연,007860,"7,740",NAN,NAN,NAN,2020
태평양물산,007980,"1,700",NAN,NAN,NAN,2020
사조동아원,008040,863,NAN,NAN,NAN,2020
대덕,008060,"6,160",NAN,NAN,NAN,2020
대동전자,008110,"4,480",10.44,0.32,1.04,2020
이건산업,008250,"7,920",NAN,NAN,NAN,2020
NI스틸,008260,"2,175",NAN,NAN,NAN,2020
남선알미늄,008350,"5,270",NAN,NAN,NAN,2020
문배철강,008420,"2,640",NAN,NAN,NAN,2020
서흥,008490,"56,600",10.93,1.7,1.15,2020
일정실업,008500,"13,300",NAN,NAN,NAN,2020
메리츠증권,008560,"3,245",4.14,0.45,1.58,2020
윌비스,008600,"1,190",NAN,NAN,NAN,2020
아남전자,008700,"1,820",NAN,NAN,NAN,2020
율촌화학,008730,"15,550",NAN,NAN,NAN,2020
호텔신라,008770,"76,100",-15.65,4.16,0.92,2020
금비,008870,"57,200",NAN,NAN,NAN,2020
한미사이언스,008930,"58,800",NAN,NAN,NAN,2020
동양철관,008970,"1,065",NAN,NAN,NAN,2020
케이씨티시,009070,"2,425",NAN,NAN,NAN,2020
경인전자,009140,"19,950",NAN,NAN,NAN,2020
삼성전기,009150,"139,000",20.22,1.76,1.25,2020
SIMPAC,009160,"2,380",NAN,NAN,NAN,2020
한솔로지스틱스,009180,"1,935",NAN,NAN,NAN,2020
대양금속,009190,"3,560",NAN,NAN,NAN,2020
무림페이퍼,009200,"2,365",NAN,NAN,NAN,2020
한샘,009240,"107,000",36.49,3.86,1.25,2020
신원,009270,"1,435",NAN,NAN,NAN,2020
광동제약,009290,"9,720",NAN,NAN,NAN,2020
참엔지니어링,009310,"1,260",NAN,NAN,NAN,2020
대우부품,009320,"2,715",NAN,NAN,NAN,2020
태영건설,009410,"9,890",NAN,NAN,NAN,2020
한올바이오파마,009420,"34,000",102.08,11.03,17.06,2020
KC그린홀딩스,009440,"3,720",NAN,NAN,NAN,2020
경동나비엔,009450,"52,700",11.99,1.9,0.76,2020
한창제지,009460,"2,320",NAN,NAN,NAN,2020
삼화전기,009470,"18,400",NAN,NAN,NAN,2020
한국조선해양,009540,"82,700",24.32,0.45,0.37,2020
무림P&P,009580,"3,080",14.78,0.31,0.32,2020
모토닉,009680,"11,850",NAN,NAN,NAN,2020
삼정펄프,009770,"28,000",NAN,NAN,NAN,2020
엔케이물산,009810,363,NAN,NAN,NAN,2020
한화솔루션,009830,"38,450",14.14,1.0,0.71,2020
영원무역홀딩스,009970,"36,950",3.31,0.18,0.2,2020
한국내화,010040,"3,270",NAN,NAN,NAN,2020
우리종금,010050,511,NAN,NAN,NAN,2020
OCI,010060,"57,000",-13.58,0.53,0.68,2020
한국프랜지공업,010100,"1,985",NAN,NAN,NAN,2020
엘에스일렉트릭,010120,"56,500",16.35,1.19,0.71,2020
고려아연,010130,"376,500",12.2,0.99,1.01,2020
삼성중공업,010140,"5,330",-3.41,0.76,0.45,2020
우진아이엔에스,010400,"7,490",NAN,NAN,NAN,2020
한솔피엔에스,010420,"1,475",NAN,NAN,NAN,2020
지코,010580,306,NAN,NAN,NAN,2020
웰바이오텍,010600,"2,300",NAN,NAN,NAN,2020
현대미포조선,010620,"29,700",15.51,0.5,0.41,2020
진양폴리우레탄,010640,"3,090",NAN,NAN,NAN,2020
화천기계,010660,"2,885",NAN,NAN,NAN,2020
화신,010690,"2,840",NAN,NAN,NAN,2020
평화홀딩스,010770,"3,340",NAN,NAN,NAN,2020
아이에스동서,010780,"40,850",11.18,0.95,1.02,2020
퍼스텍,010820,"2,065",NAN,NAN,NAN,2020
S-Oil,010950,"51,600",-8.01,1.01,0.33,2020
삼호개발,010960,"3,950",NAN,NAN,NAN,2020
진원생명과학,011000,"29,650",NAN,NAN,NAN,2020
LG이노텍,011070,"155,000",10.88,1.45,0.41,2020
에넥스,011090,"1,005",NAN,NAN,NAN,2020
CJ씨푸드,011150,"4,460",NAN,NAN,NAN,2020
롯데케미칼,011170,"196,500",32.98,0.48,0.55,2020
HMM,011200,"7,210",NAN,NAN,NAN,2020
현대위아,011210,"40,500",15.34,0.35,0.17,2020
삼화전자공업,011230,"2,910",NAN,NAN,NAN,2020
태림포장,011280,"4,485",NAN,NAN,NAN,2020
성안,011300,357,NAN,NAN,NAN,2020
유니켐,011330,"1,385",NAN,NAN,NAN,2020
부산산업,011390,"122,000",NAN,NAN,NAN,2020
갤럭시아에스엠,011420,"1,405",NAN,NAN,NAN,2020
한농화성,011500,"6,610",NAN,NAN,NAN,2020
유양디앤유,011690,"1,220",NAN,NAN,NAN,2020
한신기계공업,011700,"1,580",NAN,NAN,NAN,2020
현대종합상사,011760,"14,400",5.9,0.5,0.06,2020
금호석유화학,011780,"110,000",7.93,1.12,0.75,2020
SKC,011790,"83,000",18.36,1.47,1.1,2020
STX,011810,"5,270",NAN,NAN,NAN,2020
신성이엔지,011930,"2,055",22.17,2.43,0.76,2020
DB,012030,702,NAN,NAN,NAN,2020
영흥,012160,"1,065",NAN,NAN,NAN,2020
키위미디어그룹,012170,600,NAN,NAN,NAN,2020
계양전기,012200,"3,115",NAN,NAN,NAN,2020
영화금속,012280,"1,540",NAN,NAN,NAN,2020
경동인베스트,012320,"26,850",NAN,NAN,NAN,2020
현대모비스,012330,"230,000",12.7,0.65,0.61,2020
한화에어로스페이스,012450,"25,400",10.53,0.44,0.25,2020
더존비즈온,012510,"104,500",57.42,7.81,10.22,2020
센트럴인사이트,012600,"7,000",NAN,NAN,NAN,2020
경인양행,012610,"7,130",NAN,NAN,NAN,2020
HDC,012630,"10,600",2.1,0.24,0.15,2020
모나리자,012690,"5,140",NAN,NAN,NAN,2020
에스원,012750,"87,500",21.12,2.41,1.48,2020
대창,012800,"1,085",NAN,NAN,NAN,2020
세우글로벌,013000,"3,280",NAN,NAN,NAN,2020
일성건설,013360,927,NAN,NAN,NAN,2020
화승알앤에이,013520,"2,045",NAN,NAN,NAN,2020
디와이,013570,"4,150",NAN,NAN,NAN,2020
계룡건설산업,013580,"20,900",NAN,NAN,NAN,2020
까뮤이앤씨,013700,"1,160",NAN,NAN,NAN,2020
지엠비코리아,013870,"7,290",NAN,NAN,NAN,2020
지누스,013890,"82,900",12.87,2.59,1.2,2020
한익스프레스,014130,"5,220",NAN,NAN,NAN,2020
대영포장,014160,"1,070",NAN,NAN,NAN,2020
금강공업,014280,"3,975",NAN,NAN,NAN,2020
영보화학,014440,"3,620",NAN,NAN,NAN,2020
극동유화,014530,"3,185",NAN,NAN,NAN,2020
태경비케이,014580,"3,395",NAN,NAN,NAN,2020
한솔케미칼,014680,"149,500",13.77,2.71,2.73,2020
사조씨푸드,014710,"4,480",NAN,NAN,NAN,2020
한라,014790,"3,295",3.17,0.4,0.09,2020
동원시스템즈,014820,"23,400",10.16,0.97,0.55,2020
유니드,014830,"44,650",5.76,NAN,0.45,2020
성문전자,014910,"1,915",NAN,NAN,NAN,2020
인디에프,014990,"1,790",NAN,NAN,NAN,2020
이스타코,015020,631,NAN,NAN,NAN,2020
대창단조,015230,"32,350",NAN,NAN,NAN,2020
에이엔피,015260,167,NAN,NAN,NAN,2020
부산도시가스,015350,"50,400",NAN,NAN,NAN,2020
예스코홀딩스,015360,"35,300",NAN,NAN,NAN,2020
쎌마테라퓨틱스,015540,"8,390",NAN,NAN,NAN,2020
큐로,015590,577,NAN,NAN,NAN,2020
한국전력공사,015760,"20,400",6.85,0.19,0.22,2020
일진홀딩스,015860,"5,040",13.09,0.47,0.27,2020
태경산업,015890,"5,040",NAN,NAN,NAN,2020
대현,016090,"1,760",NAN,NAN,NAN,2020
삼성증권,016360,"30,600",7.01,0.53,2.12,2020
KG동부제철,016380,"8,240",NAN,NAN,NAN,2020
한세예스24홀딩스,016450,"5,570",10.27,0.37,0.08,2020
환인제약,016580,"15,100",NAN,NAN,NAN,2020
신대양제지,016590,"52,400",NAN,NAN,NAN,2020
DB금융투자,016610,"3,885",NAN,NAN,NAN,2020
대성홀딩스,016710,"19,350",NAN,NAN,NAN,2020
두올,016740,"3,450",NAN,NAN,NAN,2020
퍼시스,016800,"28,600",NAN,NAN,NAN,2020
웅진,016880,"1,085",NAN,NAN,NAN,2020
광명전기,017040,"1,870",NAN,NAN,NAN,2020
명문제약,017180,"6,980",NAN,NAN,NAN,2020
우신시스템,017370,"3,170",NAN,NAN,NAN,2020
서울도시가스,017390,"77,600",NAN,NAN,NAN,2020
수산중공업,017550,"1,680",NAN,NAN,NAN,2020
SK텔레콤,017670,"238,000",13.05,0.82,1.04,2020
현대엘리베이터,017800,"40,750",22.17,1.67,0.94,2020
풀무원,017810,"16,750",24.26,1.32,0.27,2020
광전자,017900,"2,150",NAN,NAN,NAN,2020
E1,017940,"45,300",4.53,0.24,0.06,2020
한국카본,017960,"9,540",8.56,1.18,0.98,2020
애경산업,018250,"20,350",31.25,1.59,0.89,2020
삼성에스디에스,018260,"169,500",27.31,1.87,1.23,2020
조일알미늄,018470,638,NAN,NAN,NAN,2020
동원금속,018500,703,2.0,0.52,0.07,2020
SK가스,018670,"97,300",4.0,0.49,0.21,2020
한온시스템,018880,"12,350",45.65,2.8,1.02,2020
신풍제약,019170,"126,500",NAN,NAN,NAN,2020
티에이치엔,019180,"2,415",NAN,NAN,NAN,2020
세아특수강,019440,"10,600",NAN,NAN,NAN,2020
하이트론씨스템즈,019490,"2,340",NAN,NAN,NAN,2020
대교,019680,"3,900",-41.82,0.59,0.51,2020
한섬,020000,"30,250",8.64,0.67,0.6,2020
키다리스튜디오,020120,"9,650",NAN,NAN,NAN,2020
일진머티리얼즈,020150,"45,150",34.07,2.26,3.3,2020
아시아나항공,020560,"3,920",-0.98,0.85,0.21,2020
일진디스플,020760,"3,660",-5.01,3.51,1.12,2020
서원,021050,"3,475",NAN,NAN,NAN,2020
코웨이,021240,"79,300",14.0,4.11,1.81,2020
세원정공,021820,"8,090",17.59,0.16,0.52,2020
삼원강재,023000,"2,410",NAN,NAN,NAN,2020
MH에탄올,023150,"7,550",NAN,NAN,NAN,2020
한국종합기술,023350,"4,180",NAN,NAN,NAN,2020
동남합성,023450,"36,950",NAN,NAN,NAN,2020
롯데쇼핑,023530,"78,500",-10.24,0.2,0.13,2020
다우기술,023590,"21,450",NAN,NAN,NAN,2020
인지컨트롤스,023800,"9,420",NAN,NAN,NAN,2020
인팩,023810,"4,800",NAN,NAN,NAN,2020
에쓰씨엔지니어링,023960,"1,335",NAN,NAN,NAN,2020
WISCOM,024070,"2,240",NAN,NAN,NAN,2020
디씨엠,024090,"10,850",NAN,NAN,NAN,2020
기업은행,024110,"8,010",3.16,0.19,0.51,2020
한국콜마홀딩스,024720,"26,800",NAN,NAN,NAN,2020
대원화성,024890,"1,615",NAN,NAN,NAN,2020
덕양산업,024900,"1,875",NAN,NAN,NAN,2020
KPX케미칼,025000,"47,400",5.93,0.46,0.34,2020
에스제이엠홀딩스,025530,"2,620",NAN,NAN,NAN,2020
한국단자공업,025540,"44,950",NAN,NAN,NAN,2020
미래산업,025560,"3,300",NAN,NAN,NAN,2020
제이준코스메틱,025620,"2,685",NAN,NAN,NAN,2020
한솔홈데코,025750,"1,425",NAN,NAN,NAN,2020
이구산업,025820,"1,550",NAN,NAN,NAN,2020
남해화학,025860,"8,200",NAN,NAN,NAN,2020
한국주강,025890,"1,510",NAN,NAN,NAN,2020
디피씨,026890,"15,950",NAN,NAN,NAN,2020
부국철강,026940,"5,190",NAN,NAN,NAN,2020
동서,026960,"29,650",NAN,NAN,NAN,2020
BGF,027410,"4,080",NAN,NAN,NAN,2020
마니커,027740,694,NAN,NAN,NAN,2020
세하,027970,"1,640",NAN,NAN,NAN,2020
삼성엔지니어링,028050,"10,550",7.37,1.29,0.32,2020
동아지질,028100,"14,600",NAN,NAN,NAN,2020
삼성물산,028260,"105,000",16.87,0.76,0.67,2020
팬오션,028670,"3,420",11.55,0.58,0.68,2020
케이씨,029460,"23,850",4.37,0.56,0.57,2020
신도리코,029530,"21,700",NAN,NAN,NAN,2020
삼성카드,029780,"28,200",8.68,0.47,0.97,2020
제일기획,030000,"20,950",16.89,2.37,0.8,2020
케이티,030200,"22,950",7.57,0.38,0.25,2020
KTB투자증권,030210,"2,510",8.91,0.28,0.73,2020
교보증권,030610,"6,510",NAN,NAN,NAN,2020
동원수산,030720,"8,850",NAN,NAN,NAN,2020
비케이탑스,030790,"5,180",NAN,NAN,NAN,2020
신세계인터내셔날,031430,"152,000",23.85,1.71,0.81,2020
신세계푸드,031440,"52,500",203.28,0.65,0.16,2020
콤텍시스템,031820,"1,625",NAN,NAN,NAN,2020
롯데관광개발,032350,"15,400",NAN,NAN,NAN,2020
황금에스티,032560,"6,990",NAN,NAN,NAN,2020
LG유플러스,032640,"11,500",8.62,0.65,0.38,2020
삼성생명,032830,"61,000",10.48,0.32,0.74,2020
필룩스,033180,"3,480",NAN,NAN,NAN,2020
자화전자,033240,"13,600",-81.15,0.88,0.93,2020
체시스,033250,"2,740",-16.44,2.87,1.31,2020
유나이티드,033270,"72,500",NAN,NAN,NAN,2020
세종공업,033530,"9,180",NAN,NAN,NAN,2020
아주캐피탈,033660,"12,400",6.2,0.82,NAN,2020
케이티앤지,033780,"82,400",10.27,1.23,2.17,2020
무학,033920,"6,450",NAN,NAN,NAN,2020
두산중공업,034020,"13,300",NAN,NAN,NAN,2020
SBS,034120,"14,550",36.89,0.41,0.33,2020
LG디스플레이,034220,"15,350",-6.64,0.46,0.23,2020
신세계건설,034300,"21,250",NAN,NAN,NAN,2020
NICE,034310,"18,200",7.76,0.55,0.33,2020
인천도시가스,034590,"24,950",NAN,NAN,NAN,2020
SK,034730,"198,500",54.34,0.26,0.16,2020
한국토지신탁,034830,"1,760",3.99,0.03,1.83,2020
지투알,035000,"5,050",NAN,NAN,NAN,2020
백산,035150,"4,470",NAN,NAN,NAN,2020
강원랜드,035250,"21,500",-19.17,1.4,7.42,2020
NAVER,035420,"296,500",60.54,6.41,6.52,2020
신세계I&C,035510,"134,500",NAN,NAN,NAN,2020
카카오,035720,"364,500",73.24,4.98,7.94,2020
제이콘텐트리,036420,"25,550",-10.11,0.93,0.84,2020
한국가스공사,036460,"24,650",-325.07,0.29,0.1,2020
S&T홀딩스,036530,"14,450",NAN,NAN,NAN,2020
엔씨소프트,036570,"806,000",24.09,5.72,6.93,2020
팜스코,036580,"4,800",NAN,NAN,NAN,2020
YG PLUS,037270,"8,370",NAN,NAN,NAN,2020
LG헬로비전,037560,"3,875",14.36,0.31,0.28,2020
광주신세계,037710,"157,000",NAN,NAN,NAN,2020
하나투어,039130,"39,200",-3.31,2.92,2.32,2020
키움증권,039490,"99,500",4.91,0.85,2.05,2020
HDC아이콘트롤스,039570,"9,140",11.66,0.89,0.6,2020
상신브레이크,041650,"2,445",NAN,NAN,NAN,2020
대우조선해양,042660,"23,800",7.21,0.62,0.33,2020
두산인프라코어,042670,"8,770",7.06,0.39,0.23,2020
한미반도체,042700,"10,450",11.39,2.35,2.76,2020
주연테크,044380,"1,140",NAN,NAN,NAN,2020
KSS해운,044450,"9,200",8.24,0.69,0.86,2020
코스맥스비티아이,044820,"19,250",NAN,NAN,NAN,2020
대우건설,047040,"2,785",4.44,0.42,0.14,2020
포스코인터내셔널,047050,"13,400",6.41,0.52,0.08,2020
유니온머티리얼,047400,"3,670",NAN,NAN,NAN,2020
한국항공우주,047810,"22,800",13.47,1.7,0.74,2020
동원F&B,049770,"171,000",9.52,0.89,0.21,2020
우진플라임,049800,"3,800",NAN,NAN,NAN,2020
한전KPS,051600,"27,050",10.74,1.13,0.96,2020
진양화학,051630,"4,425",NAN,NAN,NAN,2020
LG생활건강,051900,"1,448,000",27.78,4.64,2.97,2020
LG화학,051910,"654,000",34.58,2.49,1.5,2020
한전기술,052690,"16,300",32.79,1.26,1.43,2020
케이티스카이라이프,053210,"9,320",6.29,0.59,0.63,2020
한미글로벌,053690,"8,170",NAN,NAN,NAN,2020
테이팩스,055490,"32,150",NAN,NAN,NAN,2020
신한지주,055550,"27,600",3.96,0.29,0.86,2020
현대홈쇼핑,057050,"71,300",6.04,0.47,0.38,2020
포스코강판,058430,"14,150",NAN,NAN,NAN,2020
세아홀딩스,058650,"70,500",NAN,NAN,NAN,2020
다스코,058730,"5,380",NAN,NAN,NAN,2020
KTcs,058850,"2,000",9.81,0.51,0.09,2020
KTis,058860,"2,370",NAN,NAN,NAN,2020
한라홀딩스,060980,"31,050",15.19,0.37,0.46,2020
종근당바이오,063160,"45,750",NAN,NAN,NAN,2020
현대로템,064350,"15,950",50.78,1.25,0.51,2020
S&T모티브,064960,"50,800",10.57,0.95,0.78,2020
LG전자,066570,"91,700",8.33,0.83,0.25,2020
세이브존I&C,067830,"2,880",NAN,NAN,NAN,2020
셀트리온,068270,"257,500",62.59,9.97,19.75,2020
삼성출판사,068290,"18,900",NAN,NAN,NAN,2020
SK렌터카,068400,"8,550",7.01,0.4,0.21,2020
휴켐스,069260,"20,600",11.74,1.19,1.33,2020
대호에이엘,069460,"2,055",NAN,NAN,NAN,2020
대웅제약,069620,"105,000",NAN,NAN,NAN,2020
한세엠케이,069640,"2,865",-2.13,0.44,0.14,2020
DSR제강,069730,"4,395",NAN,NAN,NAN,2020
현대백화점,069960,"56,300",8.29,0.26,0.58,2020
용평리조트,070960,"4,090",NAN,NAN,NAN,2020
한국금융지주,071050,"72,500",6.15,0.74,2.67,2020
하이스틸,071090,"16,350",NAN,NAN,NAN,2020
지역난방공사,071320,"35,050",7.72,0.26,0.19,2020
롯데하이마트,071840,"30,300",NAN,NAN,NAN,2020
코아스,071950,"1,090",NAN,NAN,NAN,2020
STX중공업,071970,"4,040",NAN,NAN,NAN,2020
유엔젤,072130,"4,335",NAN,NAN,NAN,2020
농심홀딩스,072710,"74,400",NAN,NAN,NAN,2020
금호타이어,073240,"3,675",NAN,NAN,0.53,2020
이엔플러스,074610,"4,100",NAN,NAN,NAN,2020
새론오토모티브,075180,"4,015",NAN,NAN,NAN,2020
세진중공업,075580,"8,190",20.81,1.81,1.04,2020
유니퀘스트,077500,"11,750",22.38,1.38,0.81,2020
STX엔진,077970,"6,010",NAN,NAN,NAN,2020
텔코웨어,078000,"11,850",30.26,1.03,2.78,2020
에이블씨엔씨,078520,"7,490",NAN,NAN,NAN,2020
GS,078930,"31,000",46.23,0.26,0.17,2020
CJ CGV,079160,"22,450",-1.21,1.85,0.63,2020
현대리바트,079430,"15,900",9.72,0.67,0.23,2020
LIG넥스원,079550,"32,150",15.51,1.07,0.44,2020
휴비스,079980,"7,620",6.2,0.6,0.28,2020
일진다이아,081000,"54,100",NAN,NAN,NAN,2020
휠라홀딩스,081660,"36,650",10.8,1.12,0.74,2020
동양생명,082640,"3,065",6.11,0.19,NAN,2020
HSD엔진,082740,"4,895",14.8,0.81,0.18,2020
그린케미칼,083420,"3,805",NAN,NAN,NAN,2020
대한제강,084010,"6,700",3.18,0.33,0.18,2020
동양고속,084670,"26,550",NAN,NAN,NAN,2020
이월드,084680,"3,235",NAN,NAN,NAN,2020
대상홀딩스,084690,"9,980",NAN,NAN,NAN,2020
티비에이치글로벌,084870,"1,665",NAN,NAN,NAN,2020
엔케이,085310,"1,055",NAN,NAN,NAN,2020
미래에셋생명,085620,"3,835",NAN,NAN,NAN,2020
현대글로비스,086280,"144,000",10.85,1.08,0.33,2020
하나금융지주,086790,"28,100",3.63,0.27,0.8,2020
이리츠코크렙,088260,"5,290",49.28,1.29,15.88,2020
한화생명,088350,"1,525",3.8,0.09,NAN,2020
진도,088790,"2,660",NAN,NAN,NAN,2020
HDC현대EP,089470,"5,330",6.64,0.56,0.25,2020
제주항공,089590,"13,100",-1.26,1.69,0.76,2020
평화산업,090080,"1,150",NAN,NAN,NAN,2020
노루페인트,090350,"7,010",NAN,NAN,NAN,2020
메타랩스,090370,"1,165",NAN,NAN,NAN,2020
아모레퍼시픽,090430,"164,000",69.88,2.1,2.09,2020
세원셀론텍,091090,"2,830",NAN,NAN,NAN,2020
티웨이항공,091810,"2,500",-0.85,1.77,0.42,2020
디아이씨,092200,"1,455",NAN,NAN,NAN,2020
KEC,092220,"1,290",NAN,NAN,NAN,2020
KPX홀딩스,092230,"44,000",NAN,NAN,NAN,2020
기신정기,092440,"3,685",12.37,0.45,0.86,2020
동양피스톤,092780,"5,880",NAN,NAN,NAN,2020
LF,093050,"13,400",5.22,0.27,0.22,2020
이아이디,093230,248,NAN,NAN,NAN,2020
형지엘리트,093240,"2,000",-47.93,1.0,0.42,2020
후성,093370,"9,400",2176.26,3.56,3.41,2020
효성 ITX,094280,"25,800",NAN,NAN,NAN,2020
AJ네트웍스,095570,"3,245",NAN,NAN,NAN,2020
웅진씽크빅,095720,"2,640",29.52,0.91,0.53,2020
JW홀딩스,096760,"5,800",NAN,NAN,NAN,2020
SK이노베이션,096770,"139,000",-7.12,0.8,0.34,2020
한진중공업,097230,"8,380",NAN,NAN,NAN,2020
CJ제일제당,097950,"395,000",6.61,0.57,0.24,2020
비상교육,100220,"6,540",NAN,NAN,NAN,2020
진양홀딩스,100250,"2,775",NAN,NAN,NAN,2020
S&TC,100840,"15,100",NAN,NAN,NAN,2020
SBS미디어홀딩스,101060,"1,760",NAN,NAN,NAN,2020
비티원,101140,"3,660",NAN,NAN,NAN,2020
해태제과식품,101530,"8,900",NAN,NAN,NAN,2020
동성코퍼레이션,102260,"4,085",NAN,NAN,NAN,2020
쌍방울,102280,650,NAN,NAN,NAN,2020
이연제약,102460,"22,000",NAN,NAN,NAN,2020
풍산,103140,"23,800",11.36,0.47,0.26,2020
일진전기,103590,"2,900",NAN,NAN,NAN,2020
한국철강,104700,"4,695",NAN,NAN,NAN,2020
KB금융,105560,"37,550",4.93,0.38,1.06,2020
한세실업,105630,"18,000",81.82,1.63,0.37,2020
우진,105840,"3,730",NAN,NAN,NAN,2020
미원홀딩스,107590,"55,500",NAN,NAN,NAN,2020
LG하우시스,108670,"56,500",19.49,0.54,0.17,2020
컨버즈,109070,"4,100",NAN,NAN,NAN,2020
호전실업,111110,"8,200",NAN,NAN,NAN,2020
영원무역,111770,"27,700",8.36,0.58,0.53,2020
씨에스윈드,112610,"99,100",27.9,4.02,1.76,2020
GKL,114090,"12,400",-18.57,1.5,3.35,2020
락앤락,115390,"10,800",NAN,NAN,NAN,2020
대성에너지,117580,"5,360",NAN,NAN,NAN,2020
우리들휴브레인,118000,"4,505",NAN,NAN,NAN,2020
KC코트렐,119650,"6,120",NAN,NAN,NAN,2020
조선선재,120030,"97,900",NAN,NAN,NAN,2020
코오롱인더,120110,"37,750",4.66,0.45,0.25,2020
아이마켓코리아,122900,"8,020",NAN,NAN,NAN,2020
한국화장품,123690,"13,200",NAN,NAN,NAN,2020
에스제이엠,123700,"2,570",NAN,NAN,NAN,2020
한국자산신탁,123890,"3,650",3.83,0.59,1.97,2020
현대에이치씨엔,126560,"3,395",NAN,NAN,NAN,2020
대성산업,128820,"3,250",NAN,NAN,NAN,2020
한미약품,128940,"273,500",68.62,3.77,2.9,2020
인터지스,129260,"2,545",NAN,NAN,NAN,2020
한전산업,130660,"3,500",NAN,NAN,NAN,2020
화인베스틸,133820,"2,490",NAN,NAN,NAN,2020
미원화학,134380,"57,200",NAN,NAN,NAN,2020
시디즈,134790,"60,300",NAN,NAN,NAN,2020
선진,136490,"9,470",NAN,NAN,NAN,2020
메리츠금융지주,138040,"9,110",NAN,NAN,NAN,2020
엔에스쇼핑,138250,"13,150",59.88,1.04,0.79,2020
코오롱플라스틱,138490,"4,075",NAN,NAN,NAN,2020
BNK금융지주,138930,"5,060",3.08,0.17,0.48,2020
DGB금융지주,139130,"5,490",2.78,0.16,0.43,2020
이마트,139480,"141,500",7.96,0.37,0.18,2020
에이리츠,140910,"7,490",NAN,NAN,NAN,2020
핸즈코퍼레이션,143210,"7,280",NAN,NAN,0.24,2020
코오롱머티리얼,144620,"3,930",NAN,NAN,NAN,2020
세화아이엠씨,145210,991,NAN,NAN,NAN,2020
케이탑리츠,145270,778,NAN,NAN,NAN,2020
덴티움,145720,"34,250",16.27,1.68,1.68,2020
삼양사,145990,"54,400",NAN,NAN,NAN,2020
코리아오토글라스,152330,"13,850",NAN,NAN,NAN,2020
하이골드3호,153360,"1,360",NAN,NAN,NAN,2020
DSR,155660,"6,110",NAN,NAN,NAN,2020
바다로19호,155900,"2,550",NAN,NAN,NAN,2020
애경유화,161000,"6,940",6.88,0.58,0.26,2020
한국타이어앤테크놀로지,161390,"31,500",11.34,0.52,0.63,2020
한국콜마,161890,"46,200",18.64,1.15,0.72,2020
동일고무벨트,163560,"9,280",NAN,NAN,NAN,2020
동아에스티,170900,"92,700",NAN,NAN,NAN,2020
하이골드12호,172580,"2,035",NAN,NAN,NAN,2020
JB금융지주,175330,"4,520",2.6,0.22,0.48,2020
한진칼,180640,"68,600",-10.2,4.06,11.5,2020
엔에이치엔,181710,"74,400",17.67,0.77,0.87,2020
아세아시멘트,183190,"58,200",9.18,0.28,0.3,2020
종근당,185750,"166,000",25.6,3.37,1.48,2020
더블유게임즈,192080,"74,500",8.74,1.56,2.01,2020
쿠쿠홀딩스,192400,"99,000",NAN,NAN,NAN,2020
드림텍,192650,"15,100",NAN,NAN,NAN,2020
코스맥스,192820,"116,000",32.03,3.32,0.79,2020
제이에스코퍼레이션,194370,"7,060",NAN,NAN,0.5,2020
해성디에스,195870,"19,800",9.22,1.41,0.73,2020
서연이화,200880,"4,040",NAN,NAN,NAN,2020
모두투어리츠,204210,"2,980",NAN,NAN,NAN,2020
만도,204320,"35,650",-103.33,1.09,0.31,2020
삼성바이오로직스,207940,"690,000",185.66,11.0,44.06,2020
디와이파워,210540,"10,800",4.91,0.61,0.37,2020
SK디앤디,210980,"41,400",9.17,1.58,1.06,2020
한솔제지,213500,"13,950",4.1,0.5,0.2,2020
이노션,214320,"53,300",12.78,1.29,0.83,2020
금호에이치티,214330,"3,580",NAN,NAN,NAN,2020
경보제약,214390,"10,600",NAN,NAN,NAN,2020
토니모리,214420,"9,840",86.79,1.74,1.03,2020
잇츠한불,226320,"27,250",NAN,NAN,NAN,2020
현대코퍼레이션홀딩스,227840,"10,650",5.38,0.5,0.54,2020
LS전선아시아,229640,"7,030",18.89,1.27,0.39,2020
JW생명과학,234080,"19,000",NAN,NAN,NAN,2020
두산밥캣,241560,"26,900",15.21,0.66,0.65,2020
화승엔터프라이즈,241590,"14,000",21.84,1.76,0.73,2020
샘표식품,248170,"44,450",NAN,NAN,NAN,2020
일동제약,249420,"16,850",50.14,1.54,0.71,2020
넷마블,251270,"166,000",47.86,2.75,5.46,2020
크라운제과,264900,"8,290",NAN,NAN,NAN,2020
현대중공업지주,267250,"218,000",-19.78,0.31,0.18,2020
현대일렉트릭,267260,"15,300",29.03,0.77,0.29,2020
현대건설기계,267270,"26,500",11.13,0.32,0.21,2020
경동도시가스,267290,"18,600",NAN,NAN,NAN,2020
아시아나IDT,267850,"20,400",NAN,NAN,NAN,2020
미원에스씨,268280,"94,700",NAN,NAN,NAN,2020
오리온,271560,"131,000",17.28,2.67,2.32,2020
제일약품,271980,"43,350",NAN,NAN,NAN,2020
한화시스템,272210,"11,400",19.48,1.26,0.77,2020
진에어,272450,"9,300",NAN,NAN,NAN,2020
삼양패키징,272550,"20,350",NAN,NAN,NAN,2020
롯데제과,280360,"101,500",NAN,NAN,NAN,2020
케이씨텍,281820,"22,800",NAN,NAN,NAN,2020
BGF리테일,282330,"123,500",16.15,3.0,0.35,2020
동아타이어,282690,"9,580",NAN,NAN,NAN,2020
쿠쿠홈시스,284740,"41,500",8.73,1.71,1.14,2020
SK케미칼,285130,"296,500",11.59,3.47,2.99,2020
롯데정보통신,286940,"35,150",13.17,1.28,0.59,2020
하나제약,293480,"24,150",NAN,NAN,NAN,2020
신한알파리츠,293940,"6,870",58.31,1.2,14.39,2020
HDC현대산업개발,294870,"21,250",3.12,0.33,0.25,2020
효성화학,298000,"124,000",19.58,0.86,0.22,2020
효성티앤씨,298020,"128,500",10.15,0.89,0.11,2020
효성중공업,298040,"56,500",105.37,0.53,0.17,2020
효성첨단소재,298050,"139,500",-25.61,1.74,0.26,2020
에어부산,298690,"3,760",NAN,NAN,NAN,2020
한일시멘트,300720,"82,000",NAN,NAN,NAN,2020
세아제강,306200,"79,800",NAN,NAN,NAN,2020
현대오토에버,307950,"61,900",19.73,2.32,0.81,2020
센트랄모텍,308170,"21,900",NAN,NAN,NAN,2020
우리금융지주,316140,"8,580",3.78,0.24,0.62,2020
자이에스앤디,317400,"8,100",NAN,NAN,NAN,2020
현대에너지솔루션,322000,"32,000",26.55,1.11,0.72,2020
에스케이바이오팜,326030,"156,500",-60.62,21.57,221.14,2020
롯데리츠,330590,"5,180",57.47,1.03,23.38,2020
이지스밸류플러스리츠,334890,"4,570",NAN,NAN,NAN,2020
두산퓨얼셀,336260,"43,100",NAN,NAN,NAN,2020
두산솔루스,336370,"39,500",40.55,6.98,3.7,2020
NH프라임리츠,338100,"4,285",31.98,0.86,30.75,2020
제이알글로벌리츠,348950,"4,990",NAN,4.99,NAN,2020
엘브이엠씨,900140,"3,530",NAN,NAN,NAN,2020
